{
    "K": [
        [
            780.4435553743832,
            0.0388005312323091,
            1236.1606759212918
        ],
        [
            0.0,
            778.9425976806283,
            1023.8193498966101
        ],
        [
            0.0,
            0.0,
            1.0
        ]
    ],
    "D": [
        [
            0.0011778927862381439,
            0.007619754410849611,
            0.00635642296203498,
            -0.0069307574635781855
        ]
    ]
}