{
    "K": [
        [
            779.3398118909239,
            0.032167693400929426,
            1229.7713752064324
        ],
        [
            0.0,
            776.3943622977735,
            1027.3274517083476
        ],
        [
            0.0,
            0.0,
            1.0
        ]
    ],
    "D": [
        [
            0.00911858852303854,
            -0.0030730546878690035,
            0.0011640135614421065,
            -0.0006598930310642293
        ]
    ]
}