{
    "K": [
        [
            778.9557640421704,
            -0.2807449258141424,
            1223.3869214621027
        ],
        [
            0.0,
            775.3629378749367,
            995.8549513136727
        ],
        [
            0.0,
            0.0,
            1.0
        ]
    ],
    "D": [
        [
            0.015009378176951162,
            -0.011601520391143795,
            0.007885488635047061,
            -0.002634905194614748
        ]
    ]
}