{
    "K": [
        [
            786.5142416076859,
            -1.261256264800905,
            1226.4043067285352
        ],
        [
            0.0,
            784.6125452420298,
            1021.3748561109408
        ],
        [
            0.0,
            0.0,
            1.0
        ]
    ],
    "D": [
        [
            0.009484015343377256,
            0.0011291186105060712,
            -0.002393537151765556,
            0.0014409545034585816
        ]
    ]
}